"mip_start","mip_end","ext_len","lig_len","probe_strand"
140415755,140415872,16,28,"-"
140426167,140426284,24,20,"+"
140426231,140426349,17,26,"+"
140434397,140434513,27,18,"+"
140434514,140434630,16,29,"+"
140439610,140439726,16,29,"+"
140439656,140439772,16,29,"-"
140449087,140449205,25,18,"+"
140449104,140449223,23,19,"-"
140453072,140453189,16,28,"-"
140453079,140453197,16,27,"+"
140453935,140454052,16,28,"+"
140476712,140476829,26,18,"+"
140476772,140476892,17,24,"+"
140477763,140477881,16,27,"+"
140481373,140481491,17,26,"-"
140481389,140481505,16,29,"+"
140482821,140482937,16,29,"+"
140482855,140482971,17,28,"+"
140485489,140485607,16,27,"+"
140485500,140485617,16,28,"-"
140487319,140487436,16,28,"-"
140494108,140494225,19,25,"+"
140494152,140494269,16,28,"+"
140500162,140500280,22,21,"+"
140500165,140500282,24,20,"-"
140501200,140501316,18,27,"+"
140501245,140501362,16,28,"+"
140507753,140507870,23,21,"+"
140508662,140508778,26,19,"+"
140508695,140508811,24,21,"-"
140534407,140534523,17,28,"+"
140534524,140534640,22,23,"+"
140534576,140534695,16,26,"-"
140549908,140550024,16,29,"-"
140624358,140624475,26,18,"-"
140624389,140624508,16,26,"-"
